day,supply_end_copm,transfers,unique_txs,active_addresses,gross_volume_copm,net_volume_copm,mint_copm,burn_copm,mint_count,burn_count
2023-09-21,4000000,26,21,24,9436267.78598,5436267.78598,4000000,0,1,0
2023-09-22,4000000,23,17,22,121525.902684,121525.902684,0,0,0,0
2023-09-23,4000000,2,2,3,15000,15000,0,0,0,0
2023-09-24,4000000,1,1,2,1567.786385,1567.786385,0,0,0,0
2023-09-25,4000000,0,0,0,0,0,0,0,0,0
2023-09-26,4000000,0,0,0,0,0,0,0,0,0
2023-09-27,4000000,0,0,0,0,0,0,0,0,0
2023-09-28,4000000,0,0,0,0,0,0,0,0,0
2023-09-29,4000000,0,0,0,0,0,0,0,0,0
2023-09-30,4000000,0,0,0,0,0,0,0,0,0
2023-10-01,4000000,0,0,0,0,0,0,0,0,0
2023-10-02,4000000,0,0,0,0,0,0,0,0,0
2023-10-03,4000000,0,0,0,0,0,0,0,0,0
2023-10-04,4000000,0,0,0,0,0,0,0,0,0
2023-10-05,4000000,0,0,0,0,0,0,0,0,0
2023-10-06,4000000,2,2,3,1420.69,1420.69,0,0,0,0
2023-10-07,4000000,0,0,0,0,0,0,0,0,0
2023-10-08,4000000,0,0,0,0,0,0,0,0,0
2023-10-09,4000000,0,0,0,0,0,0,0,0,0
2023-10-10,4000000,0,0,0,0,0,0,0,0,0
2023-10-11,4000000,0,0,0,0,0,0,0,0,0
2023-10-12,4000000,0,0,0,0,0,0,0,0,0
2023-10-13,4000000,0,0,0,0,0,0,0,0,0
2023-10-14,4000000,0,0,0,0,0,0,0,0,0
2023-10-15,4000000,0,0,0,0,0,0,0,0,0
2023-10-16,4000000,0,0,0,0,0,0,0,0,0
2023-10-17,14359046,2,2,3,20718092,10359046,10359046,0,1,0
2023-10-18,14359046,2,2,2,3000,3000,0,0,0,0
2023-10-19,14359046,0,0,0,0,0,0,0,0,0
2023-10-20,14359046,0,0,0,0,0,0,0,0,0
2023-10-21,14359046,0,0,0,0,0,0,0,0,0
2023-10-22,14359046,0,0,0,0,0,0,0,0,0
2023-10-23,14359046,0,0,0,0,0,0,0,0,0
2023-10-24,14359046,0,0,0,0,0,0,0,0,0
2023-10-25,14359046,1,1,2,3000,3000,0,0,0,0
2023-10-26,14359046,2,2,3,13588.988086,13588.988086,0,0,0,0
2023-10-27,14359046,0,0,0,0,0,0,0,0,0
2023-10-28,14359046,0,0,0,0,0,0,0,0,0
2023-10-29,14359046,0,0,0,0,0,0,0,0,0
2023-10-30,14359046,0,0,0,0,0,0,0,0,0
2023-10-31,114359046,2,2,3,200000000,100000000,100000000,0,1,0
2023-11-01,114359046,0,0,0,0,0,0,0,0,0
2023-11-02,114359046,0,0,0,0,0,0,0,0,0
2023-11-03,114359046,0,0,0,0,0,0,0,0,0
2023-11-04,114359046,0,0,0,0,0,0,0,0,0
2023-11-05,114359046,0,0,0,0,0,0,0,0,0
2023-11-06,114359046,0,0,0,0,0,0,0,0,0
2023-11-07,314359046,1,1,2,200000000,0,200000000,0,1,0
2023-11-08,314359046,2,1,2,200000000,200000000,0,0,0,0
2023-11-09,314359046,0,0,0,0,0,0,0,0,0
2023-11-10,315394951,2,2,3,2071810,1035905,1035905,0,1,0
2023-11-11,315394951,0,0,0,0,0,0,0,0,0
2023-11-12,315394951,0,0,0,0,0,0,0,0,0
2023-11-13,315394951,0,0,0,0,0,0,0,0,0
2023-11-14,315394951,0,0,0,0,0,0,0,0,0
2023-11-15,375394951,3,3,4,480000000,420000000,60000000,0,1,0
2023-11-16,375394951,0,0,0,0,0,0,0,0,0
2023-11-17,375394951,0,0,0,0,0,0,0,0,0
2023-11-18,375394951,0,0,0,0,0,0,0,0,0
2023-11-19,375394951,0,0,0,0,0,0,0,0,0
2023-11-20,375394951,0,0,0,0,0,0,0,0,0
2023-11-21,375394951,0,0,0,0,0,0,0,0,0
2023-11-22,785394951,3,2,3,820000000,410000000,410000000,0,1,0
2023-11-23,785394951,0,0,0,0,0,0,0,0,0
2023-11-24,785394951,2,2,2,360000000,360000000,0,0,0,0
2023-11-25,810394951,2,2,3,50000000,25000000,25000000,0,1,0
2023-11-26,810394951,0,0,0,0,0,0,0,0,0
2023-11-27,810394951,0,0,0,0,0,0,0,0,0
2023-11-28,810394951,1,1,1,10000,10000,0,0,0,0
2023-11-29,810394951,0,0,0,0,0,0,0,0,0
2023-11-30,810394951,0,0,0,0,0,0,0,0,0
2023-12-01,810394951,0,0,0,0,0,0,0,0,0
2023-12-02,810394951,0,0,0,0,0,0,0,0,0
2023-12-03,810394951,0,0,0,0,0,0,0,0,0
2023-12-04,810394951,1,1,2,5000,5000,0,0,0,0
2023-12-05,810394951,0,0,0,0,0,0,0,0,0
2023-12-06,810394951,0,0,0,0,0,0,0,0,0
2023-12-07,810394951,0,0,0,0,0,0,0,0,0
2023-12-08,810394951,0,0,0,0,0,0,0,0,0
2023-12-09,810394951,0,0,0,0,0,0,0,0,0
2023-12-10,810394951,0,0,0,0,0,0,0,0,0
2023-12-11,810394951,0,0,0,0,0,0,0,0,0
2023-12-12,810394951,0,0,0,0,0,0,0,0,0
2023-12-13,810394951,0,0,0,0,0,0,0,0,0
2023-12-14,810394951,0,0,0,0,0,0,0,0,0
2023-12-15,810394951,0,0,0,0,0,0,0,0,0
2023-12-16,810394951,0,0,0,0,0,0,0,0,0
2023-12-17,810394951,0,0,0,0,0,0,0,0,0
2023-12-18,810394951,0,0,0,0,0,0,0,0,0
2023-12-19,810394951,0,0,0,0,0,0,0,0,0
2023-12-20,810394951,0,0,0,0,0,0,0,0,0
2023-12-21,810394951,0,0,0,0,0,0,0,0,0
2023-12-22,810394951,0,0,0,0,0,0,0,0,0
2023-12-23,810394951,0,0,0,0,0,0,0,0,0
2023-12-24,810394951,0,0,0,0,0,0,0,0,0
2023-12-25,810394951,0,0,0,0,0,0,0,0,0
2023-12-26,810394951,0,0,0,0,0,0,0,0,0
2023-12-27,810394951,1,1,2,10000,10000,0,0,0,0
2023-12-28,810394951,0,0,0,0,0,0,0,0,0
2023-12-29,810394951,0,0,0,0,0,0,0,0,0
2023-12-30,810394951,0,0,0,0,0,0,0,0,0
2023-12-31,810394951,0,0,0,0,0,0,0,0,0
2024-01-01,810394951,0,0,0,0,0,0,0,0,0
2024-01-02,810394951,0,0,0,0,0,0,0,0,0
2024-01-03,810394951,0,0,0,0,0,0,0,0,0
2024-01-04,810394951,0,0,0,0,0,0,0,0,0
2024-01-05,810394951,0,0,0,0,0,0,0,0,0
2024-01-06,810394951,0,0,0,0,0,0,0,0,0
2024-01-07,810394951,0,0,0,0,0,0,0,0,0
2024-01-08,810394951,0,0,0,0,0,0,0,0,0
2024-01-09,810394951,0,0,0,0,0,0,0,0,0
2024-01-10,810394951,0,0,0,0,0,0,0,0,0
2024-01-11,810394951,0,0,0,0,0,0,0,0,0
2024-01-12,810394951,0,0,0,0,0,0,0,0,0
2024-01-13,810394951,0,0,0,0,0,0,0,0,0
2024-01-14,810394951,0,0,0,0,0,0,0,0,0
2024-01-15,810394951,0,0,0,0,0,0,0,0,0
2024-01-16,810394951,0,0,0,0,0,0,0,0,0
2024-01-17,810394951,0,0,0,0,0,0,0,0,0
2024-01-18,810394951,0,0,0,0,0,0,0,0,0
2024-01-19,810394951,0,0,0,0,0,0,0,0,0
2024-01-20,810394951,0,0,0,0,0,0,0,0,0
2024-01-21,810394951,0,0,0,0,0,0,0,0,0
2024-01-22,810394951,0,0,0,0,0,0,0,0,0
2024-01-23,810394951,0,0,0,0,0,0,0,0,0
2024-01-24,810394951,0,0,0,0,0,0,0,0,0
2024-01-25,810394951,0,0,0,0,0,0,0,0,0
2024-01-26,810394951,0,0,0,0,0,0,0,0,0
2024-01-27,810394951,0,0,0,0,0,0,0,0,0
2024-01-28,810394951,0,0,0,0,0,0,0,0,0
2024-01-29,810394951,3,3,2,1000600,1000600,0,0,0,0
2024-01-30,810394951,25,11,9,175481.654463,175481.654463,0,0,0,0
2024-01-31,810394951,16,13,16,216631.137792,216631.137792,0,0,0,0
2024-02-01,810394951,3,3,4,3812116.66,3812116.66,0,0,0,0
2024-02-02,810394951,0,0,0,0,0,0,0,0,0
2024-02-03,810394951,0,0,0,0,0,0,0,0,0
2024-02-04,810394951,0,0,0,0,0,0,0,0,0
2024-02-05,830394951,2,1,3,40000000,20000000,20000000,0,1,0
2024-02-06,830394951,0,0,0,0,0,0,0,0,0
2024-02-07,830394951,2,2,3,3834.936255,3834.936255,0,0,0,0
2024-02-08,855394951,2,1,3,50000000,25000000,25000000,0,1,0
2024-02-09,905394951,2,1,3,100000000,50000000,50000000,0,1,0
2024-02-10,905394951,0,0,0,0,0,0,0,0,0
2024-02-11,905394951,0,0,0,0,0,0,0,0,0
2024-02-12,930394951,2,1,3,50000000,25000000,25000000,0,1,0
2024-02-13,930394951,0,0,0,0,0,0,0,0,0
2024-02-14,930394951,2,1,3,0.336703,0.336703,0,0,0,0
2024-02-15,930394951,1,1,2,3819.80869,3819.80869,0,0,0,0
2024-02-16,930394951,0,0,0,0,0,0,0,0,0
2024-02-17,930394951,0,0,0,0,0,0,0,0,0
2024-02-18,930394951,0,0,0,0,0,0,0,0,0
2024-02-19,930394951,0,0,0,0,0,0,0,0,0
2024-02-20,930394951,0,0,0,0,0,0,0,0,0
2024-02-21,930374951,1,1,2,20000,0,0,20000,0,1
2024-02-22,930374951,0,0,0,0,0,0,0,0,0
2024-02-23,930374951,0,0,0,0,0,0,0,0,0
2024-02-24,930374951,0,0,0,0,0,0,0,0,0
2024-02-25,930374951,0,0,0,0,0,0,0,0,0
2024-02-26,930374951,0,0,0,0,0,0,0,0,0
2024-02-27,930374951,0,0,0,0,0,0,0,0,0
2024-02-28,930374951,0,0,0,0,0,0,0,0,0
2024-02-29,930374951,2,2,3,7500,7500,0,0,0,0
2024-03-01,940374951,2,1,3,20000000,10000000,10000000,0,1,0
2024-03-02,940374951,0,0,0,0,0,0,0,0,0
2024-03-03,940374951,0,0,0,0,0,0,0,0,0
2024-03-04,940374951,0,0,0,0,0,0,0,0,0
2024-03-05,940374951,0,0,0,0,0,0,0,0,0
2024-03-06,940374951,0,0,0,0,0,0,0,0,0
2024-03-07,940374951,3,2,4,21988.707421,21988.707421,0,0,0,0
2024-03-08,940374951,1,1,2,8448.802797,8448.802797,0,0,0,0
2024-03-09,940374951,0,0,0,0,0,0,0,0,0
2024-03-10,940374951,0,0,0,0,0,0,0,0,0
2024-03-11,940374951,0,0,0,0,0,0,0,0,0
2024-03-12,1030374951,2,1,3,180000000,90000000,90000000,0,1,0
2024-03-13,1030374951,8,8,7,96875771.610892,96875771.610892,0,0,0,0
2024-03-14,1030374951,5,3,3,31506.510307,31506.510307,0,0,0,0
2024-03-15,1030374951,2,2,3,7671.079712,7671.079712,0,0,0,0
2024-03-16,1030374951,0,0,0,0,0,0,0,0,0
2024-03-17,1030374951,0,0,0,0,0,0,0,0,0
2024-03-18,1030374951,2,2,3,373618360.923296,373618360.923296,0,0,0,0
2024-03-19,1030374951,0,0,0,0,0,0,0,0,0
2024-03-20,1030374951,0,0,0,0,0,0,0,0,0
2024-03-21,1030374951,0,0,0,0,0,0,0,0,0
2024-03-22,1030374951,0,0,0,0,0,0,0,0,0
2024-03-23,1030374951,0,0,0,0,0,0,0,0,0
2024-03-24,1030374951,0,0,0,0,0,0,0,0,0
2024-03-25,1030374951,0,0,0,0,0,0,0,0,0
2024-03-26,1030374951,0,0,0,0,0,0,0,0,0
2024-03-27,1030374951,0,0,0,0,0,0,0,0,0
2024-03-28,1030374951,3,3,3,373303003.223754,373303003.223754,0,0,0,0
2024-03-29,1030374951,0,0,0,0,0,0,0,0,0
2024-03-30,1030374951,0,0,0,0,0,0,0,0,0
2024-03-31,1030374951,0,0,0,0,0,0,0,0,0
2024-04-01,1030374951,2,2,2,13835.514895,13835.514895,0,0,0,0
2024-04-02,1030374951,0,0,0,0,0,0,0,0,0
2024-04-03,1040374951,2,1,3,20000000,10000000,10000000,0,1,0
2024-04-04,1040374951,0,0,0,0,0,0,0,0,0
2024-04-05,1040374951,0,0,0,0,0,0,0,0,0
2024-04-06,1040374951,0,0,0,0,0,0,0,0,0
2024-04-07,1040374951,0,0,0,0,0,0,0,0,0
2024-04-08,1040374951,0,0,0,0,0,0,0,0,0
2024-04-09,1040374951,0,0,0,0,0,0,0,0,0
2024-04-10,1040374951,0,0,0,0,0,0,0,0,0
2024-04-11,1040374951,0,0,0,0,0,0,0,0,0
2024-04-12,1040374951,3,1,4,1007.552177,1007.552177,0,0,0,0
2024-04-13,1040374951,0,0,0,0,0,0,0,0,0
2024-04-14,1040374951,0,0,0,0,0,0,0,0,0
2024-04-15,1040374951,1,1,2,4000,4000,0,0,0,0
2024-04-16,1040374951,0,0,0,0,0,0,0,0,0
2024-04-17,1040374951,6,4,6,115167.391004,115167.391004,0,0,0,0
2024-04-18,1040374951,2,2,3,9889070.757793,9889070.757793,0,0,0,0
2024-04-19,1040374951,1,1,2,1000,1000,0,0,0,0
2024-04-20,1040374951,2,1,3,3561.396202,3561.396202,0,0,0,0
2024-04-21,1040374951,0,0,0,0,0,0,0,0,0
2024-04-22,1080374951,11,10,7,80139456.999999,40139456.999999,40000000,0,1,0
2024-04-23,1080374951,1,1,2,500,500,0,0,0,0
2024-04-24,1080374951,4,4,4,138675.54,138675.54,0,0,0,0
2024-04-25,1080374951,2,2,3,55000,55000,0,0,0,0
2024-04-26,1080374951,5,5,3,81924273.625231,81924273.625231,0,0,0,0
2024-04-27,1080374951,0,0,0,0,0,0,0,0,0
2024-04-28,1080374951,1,1,2,5000,5000,0,0,0,0
2024-04-29,1080374951,1,1,2,10,10,0,0,0,0
2024-04-30,1080374951,2,2,3,304976340.5,304976340.5,0,0,0,0
2024-05-01,1080374951,0,0,0,0,0,0,0,0,0
2024-05-02,1180299951,4,3,4,200150000,100075000,100000000,75000,1,1
2024-05-03,1180299951,0,0,0,0,0,0,0,0,0
2024-05-04,1180299951,0,0,0,0,0,0,0,0,0
2024-05-05,1180299951,0,0,0,0,0,0,0,0,0
2024-05-06,1240299951,2,1,3,120000000,60000000,60000000,0,1,0
2024-05-07,859055695,12,12,8,1275580212.357345,894335956.357345,0,381244256,0,1
2024-05-08,876100080,22,19,16,51829248.025261,34784863.025261,17044385,0,1,0
2024-05-09,876100080,4,4,3,79994.547797,79994.547797,0,0,0,0
2024-05-10,1260507985,2,1,3,768815810,384407905,384407905,0,1,0
2024-05-11,1260507985,0,0,0,0,0,0,0,0,0
2024-05-12,1260507985,0,0,0,0,0,0,0,0,0
2024-05-13,1260507985,0,0,0,0,0,0,0,0,0
2024-05-14,1260507985,0,0,0,0,0,0,0,0,0
2024-05-15,1260507985,2,2,3,2000,2000,0,0,0,0
2024-05-16,1260507985,0,0,0,0,0,0,0,0,0
2024-05-17,1260507985,0,0,0,0,0,0,0,0,0
2024-05-18,1260507985,0,0,0,0,0,0,0,0,0
2024-05-19,1260507985,0,0,0,0,0,0,0,0,0
2024-05-20,1260507985,0,0,0,0,0,0,0,0,0
2024-05-21,1260507985,0,0,0,0,0,0,0,0,0
2024-05-22,1260507985,0,0,0,0,0,0,0,0,0
2024-05-23,1260507985,0,0,0,0,0,0,0,0,0
2024-05-24,1260507985,10,10,7,39755581.60249,39755581.60249,0,0,0,0
2024-05-25,1260507985,0,0,0,0,0,0,0,0,0
2024-05-26,1260507985,0,0,0,0,0,0,0,0,0
2024-05-27,1260507985,25,25,6,157506.294321,157506.294321,0,0,0,0
2024-05-28,1260507985,11,10,5,15221925.001401,15221925.001401,0,0,0,0
2024-05-29,1260507985,9,9,7,6419300.059365,6419300.059365,0,0,0,0
2024-05-30,1260507985,31,27,20,133030.887324,133030.887324,0,0,0,0
2024-05-31,1260507985,12,12,5,11216.02,11216.02,0,0,0,0
2024-06-01,1260507985,0,0,0,0,0,0,0,0,0
2024-06-02,1260507985,0,0,0,0,0,0,0,0,0
2024-06-03,1260507985,0,0,0,0,0,0,0,0,0
2024-06-04,1260507985,29,21,19,86039430.214475,86039430.214475,0,0,0,0
2024-06-05,1260507985,10,6,7,332579.315583,332579.315583,0,0,0,0
2024-06-06,1260507985,4,4,4,41810.869852,41810.869852,0,0,0,0
2024-06-07,1260507985,5,4,6,49778.815137,49778.815137,0,0,0,0
2024-06-08,1260507985,0,0,0,0,0,0,0,0,0
2024-06-09,1260507985,0,0,0,0,0,0,0,0,0
2024-06-10,1260507985,5,3,4,7217849.210344,7217849.210344,0,0,0,0
2024-06-11,1260507985,7,5,3,96073.219344,96073.219344,0,0,0,0
2024-06-12,1260507985,11,9,7,2963948.343665,2963948.343665,0,0,0,0
2024-06-13,1268137985,10,6,7,15661485.947736,8031485.947736,7630000,0,1,0
2024-06-14,1268137985,17,13,11,76813179.778297,76813179.778297,0,0,0,0
2024-06-15,1268137985,11,6,8,24424685.102194,24424685.102194,0,0,0,0
2024-06-16,1268137985,6,3,5,72280.307256,72280.307256,0,0,0,0
2024-06-17,1268137985,8,8,7,505068.45643,505068.45643,0,0,0,0
2024-06-18,1187319804,8,8,7,162085662.917394,81267481.917394,0,80818181,0,3
2024-06-19,1187319804,32,24,9,72669958.437856,72669958.437856,0,0,0,0
2024-06-20,1187319804,8,5,5,30252948.822405,30252948.822405,0,0,0,0
2024-06-21,1187319804,4,2,3,194208.330793,194208.330793,0,0,0,0
2024-06-22,1187319804,0,0,0,0,0,0,0,0,0
2024-06-23,1187319804,5,3,3,155595.85133,155595.85133,0,0,0,0
2024-06-24,1187319804,17,9,9,3469066.164278,3469066.164278,0,0,0,0
2024-06-25,1387319804,14,6,8,401154367.276385,201154367.276385,200000000,0,1,0
2024-06-26,1387319804,10,5,6,1755436.560638,1755436.560638,0,0,0,0
2024-06-27,1387319804,8,4,4,1328636.000006,1328636.000006,0,0,0,0
2024-06-28,1387319804,9,5,6,18495050.310673,18495050.310673,0,0,0,0
2024-06-29,1387319804,0,0,0,0,0,0,0,0,0
2024-06-30,1387319804,6,3,2,339986.020214,339986.020214,0,0,0,0
2024-07-01,1387319804,2,1,2,166202.745533,166202.745533,0,0,0,0
2024-07-02,1387319804,4,2,2,162577.822886,162577.822886,0,0,0,0
2024-07-03,1387319804,27,15,8,2191255.870395,2191255.870395,0,0,0,0
2024-07-04,1387319804,18,11,7,708820.276017,708820.276017,0,0,0,0
2024-07-05,1409503770,42,28,12,195984781.074462,173800815.074462,22183966,0,1,0
2024-07-06,1409503770,12,6,3,377909.704699,377909.704699,0,0,0,0
2024-07-07,1409503770,6,4,4,171649.421365,171649.421365,0,0,0,0
2024-07-08,1409503770,36,18,4,2136159.332233,2136159.332233,0,0,0,0
2024-07-09,1409503770,11,5,5,1771806.282676,1771806.282676,0,0,0,0
2024-07-10,1411759832,14,8,12,17332616.919159,15076554.919159,2256062,0,1,0
2024-07-11,1411759832,13,7,6,15494959.694954,15494959.694954,0,0,0,0
2024-07-12,1795044479,17,9,10,767287802.336812,384003155.336812,383284647,0,1,0
2024-07-13,1795044479,2,1,2,102205.809234,102205.809234,0,0,0,0
2024-07-14,1795044479,10,5,2,498698.282515,498698.282515,0,0,0,0
2024-07-15,1795044479,19,10,8,919312.351611,919312.351611,0,0,0,0
2024-07-16,1795044479,1,1,2,8263.132279,8263.132279,0,0,0,0
2024-07-17,1795044479,4,2,2,176125.772841,176125.772841,0,0,0,0
2024-07-18,1795044479,0,0,0,0,0,0,0,0,0
2024-07-19,1795044479,10,5,4,478213.920868,478213.920868,0,0,0,0
2024-07-20,1795044479,0,0,0,0,0,0,0,0,0
2024-07-21,1795044479,8,6,4,335706.063865,335706.063865,0,0,0,0
2024-07-22,1795044479,6,4,4,169201.819623,169201.819623,0,0,0,0
2024-07-23,1795044479,5,3,4,159462.596524,159462.596524,0,0,0,0
2024-07-24,1809751919,13,11,8,138237555.627189,123530115.627189,14707440,0,1,0
2024-07-25,1809751919,25,15,3,1018075.923625,1018075.923625,0,0,0,0
2024-07-26,1809751919,14,7,4,447159.467229,447159.467229,0,0,0,0
2024-07-27,1809751919,7,4,4,204112.531312,204112.531312,0,0,0,0
2024-07-28,1809751919,0,0,0,0,0,0,0,0,0
2024-07-29,1809751919,28,15,6,17000080.487317,17000080.487317,0,0,0,0
2024-07-30,1809751919,13,8,7,5373576.332385,5373576.332385,0,0,0,0
2024-07-31,1809751919,13,10,8,559723.099572,559723.099572,0,0,0,0
2024-08-01,1809751919,28,18,6,4097757.945247,4097757.945247,0,0,0,0
2024-08-02,1809751919,13,8,5,605257.289663,605257.289663,0,0,0,0
2024-08-03,1809751919,18,10,4,619127.192855,619127.192855,0,0,0,0
2024-08-04,1809751919,13,8,4,565075.474143,565075.474143,0,0,0,0
2024-08-05,1809751919,71,39,8,8153787.170331,8153787.170331,0,0,0,0
2024-08-06,1809751919,29,17,5,1049128.529254,1049128.529254,0,0,0,0
2024-08-07,1809751919,34,18,5,1323398.326545,1323398.326545,0,0,0,0
2024-08-08,1819380941,48,25,7,23408579.043694,13779557.043694,9629022,0,1,0
2024-08-09,1819380941,10,6,4,368277.682048,368277.682048,0,0,0,0
2024-08-10,1819380941,4,3,5,22628746.794038,22628746.794038,0,0,0,0
2024-08-11,1819380941,29,16,3,799674.826722,799674.826722,0,0,0,0
2024-08-12,2019380941,39,20,8,404637109.903502,204637109.903502,200000000,0,1,0
2024-08-13,1936037336,24,16,9,243927320.528605,160583715.528605,0,83343605,0,2
2024-08-14,1915589821,19,13,9,904745831.858136,726138316.858136,79080000,99527515,1,1
2024-08-15,1915091058,27,20,9,1114375751.607277,916326988.607277,98775000,99273763,1,1
2024-08-16,1836120174,17,10,10,283595406.400955,204624522.400955,0,78970884,0,1
2024-08-17,1836120174,0,0,0,0,0,0,0,0,0
2024-08-18,1836120174,10,5,4,284496.484944,284496.484944,0,0,0,0
2024-08-19,1836120174,4,2,4,215983.548402,215983.548402,0,0,0,0
2024-08-20,1836120174,18,9,4,616091.919351,616091.919351,0,0,0,0
2024-08-21,1836120174,18,10,7,27496213.333779,27496213.333779,0,0,0,0
2024-08-22,1934266934,11,9,5,1072733277.06518,774416267.06518,198231885,100085125,2,1
2024-08-23,1934031114,34,21,7,924807132.874334,726090734.874334,99240289,99476109,1,1
2024-08-24,1934031114,4,2,3,127510.256133,127510.256133,0,0,0,0
2024-08-25,1934031114,1,1,2,3977.984497,3977.984497,0,0,0,0
2024-08-26,1834381851,16,12,7,593697694.743018,494048431.743018,0,99649263,0,1
2024-08-27,1883731778,39,26,9,916756119.496399,667317190.496399,149394428,100044501,3,1
2024-08-28,1883731778,16,9,4,453915.910231,453915.910231,0,0,0,0
2024-08-29,1883731778,18,10,7,1690266.524589,1690266.524589,0,0,0,0
2024-08-30,1883731778,20,12,11,10760654.350105,10760654.350105,0,0,0,0
2024-08-31,1883731778,2,1,3,189980.09311,189980.09311,0,0,0,0
2024-09-01,1883731778,11,7,3,335808.188711,335808.188711,0,0,0,0
2024-09-02,1985490960,22,12,8,265562851.960592,163803669.960592,101759182,0,1,0
2024-09-03,1985490960,19,13,8,366361929.743853,366361929.743853,0,0,0,0
2024-09-04,1881906144,20,13,9,321922662.448539,218337846.448539,0,103584816,0,1
2024-09-05,1886745803,15,11,7,91955949.69678,87116290.69678,4839659,0,1,0
2024-09-06,1886425978,38,27,9,872658127.271427,667031052.271427,102653625,102973450,1,1
2024-09-07,1886425978,24,12,5,517167.494629,517167.494629,0,0,0,0
2024-09-08,1886425978,4,2,3,114212.48311,114212.48311,0,0,0,0
2024-09-09,1886425978,11,6,6,84648484.500343,84648484.500343,0,0,0,0
2024-09-10,1884020725,20,13,9,875431111.962957,666742488.962957,103141685,105546938,1,1
2024-09-11,1884020725,14,9,6,79203872.177826,79203872.177826,0,0,0,0
2024-09-12,1884020725,6,3,5,210876.294581,210876.294581,0,0,0,0
2024-09-13,1884020725,10,5,3,428632.176402,428632.176402,0,0,0,0
2024-09-14,1884020725,0,0,0,0,0,0,0,0,0
2024-09-15,1884020725,5,4,3,225608.839533,225608.839533,0,0,0,0
2024-09-16,1985875775,15,10,6,551749414.79483,449894364.79483,101855050,0,1,0
2024-09-17,2861483984,23,13,8,2274796044.632172,1191623641.632172,979390306,103782097,2,1
2024-09-18,2861483984,15,9,8,83824170.69595,83824170.69595,0,0,0,0
2024-09-19,2861060802,40,23,7,817631959.73573,611809393.73573,102699692,103122874,1,1
2024-09-20,2861060802,32,17,6,61836735.675183,61836735.675183,0,0,0,0
2024-09-21,2861060802,10,5,3,333923.686783,333923.686783,0,0,0,0
2024-09-22,2861060802,8,5,4,4390502.677166,4390502.677166,0,0,0,0
2024-09-23,2861060802,16,8,3,524127.934875,524127.934875,0,0,0,0
2024-09-24,2861060802,2,1,3,86802.100378,86802.100378,0,0,0,0
2024-09-25,2861060802,10,8,6,170255.902631,170255.902631,0,0,0,0
2024-09-26,2861060802,10,6,7,254999.218415,254999.218415,0,0,0,0
2024-09-27,2963343154,34,21,13,481003212.500317,378720860.500317,102282352,0,1,0
2024-09-28,2963343154,0,0,0,0,0,0,0,0,0
2024-09-29,2963343154,2,1,3,45812.167692,45812.167692,0,0,0,0
2024-09-30,2859908639,12,10,10,310481611.7316,207047096.7316,0,103434515,0,1
2024-10-01,2859908639,30,17,8,69348329.630596,69348329.630596,0,0,0,0
2024-10-02,2875683643,19,11,8,41975371.476851,26200367.476851,15775004,0,1,0
2024-10-03,2875683643,10,7,6,15451451.055017,15451451.055017,0,0,0,0
2024-10-04,2875683643,15,8,4,11823754.846523,11823754.846523,0,0,0,0
2024-10-05,2875683643,0,0,0,0,0,0,0,0,0
2024-10-06,2875683643,7,4,5,167927.322118,167927.322118,0,0,0,0
2024-10-07,2996577782,25,12,8,242397127.795662,121502988.795662,120894139,0,1,0
2024-10-08,2996577782,8,4,3,194908.445783,194908.445783,0,0,0,0
2024-10-09,2914134624,30,23,12,694653203.245915,612210045.245915,0,82443158,0,1
2024-10-10,2914134624,12,8,8,12429928.674731,12429928.674731,0,0,0,0
2024-10-11,2914134624,14,7,3,418042.003873,418042.003873,0,0,0,0
2024-10-12,2914134624,10,5,6,387474.409695,387474.409695,0,0,0,0
2024-10-13,2914134624,0,0,0,0,0,0,0,0,0
2024-10-14,2914134624,22,11,5,1360464.339261,1360464.339261,0,0,0,0
2024-10-15,2914134624,17,9,8,6776908.546492,6776908.546492,0,0,0,0
2024-10-16,2914134624,8,4,4,318321.455037,318321.455037,0,0,0,0
2024-10-17,2914134624,15,8,6,1317055.085021,1317055.085021,0,0,0,0
2024-10-18,2914134624,10,5,3,244350.718314,244350.718314,0,0,0,0
2024-10-19,2914134624,0,0,0,0,0,0,0,0,0
2024-10-20,2914134624,18,9,4,1203100.026965,1203100.026965,0,0,0,0
2024-10-21,2914134624,8,5,6,354735084.367785,354735084.367785,0,0,0,0
2024-10-22,2735134624,5,4,8,179065614.329833,65614.329833,0,179000000,0,1
2024-10-23,2735134624,20,11,3,749152.282804,749152.282804,0,0,0,0
2024-10-24,2735134624,17,9,6,737666.807347,737666.807347,0,0,0,0
2024-10-25,2835134624,24,13,13,201164958.343553,101164958.343553,100000000,0,1,0
2024-10-26,2835134624,9,5,6,197983.34778,197983.34778,0,0,0,0
2024-10-27,2835134624,4,2,4,118288.270536,118288.270536,0,0,0,0
2024-10-28,2835134624,22,12,12,2064265.074428,2064265.074428,0,0,0,0
2024-10-29,2835134624,14,7,5,763880.008263,763880.008263,0,0,0,0
2024-10-30,2917984624,12,7,11,234711578.268535,117561578.268535,100000000,17150000,1,1
2024-10-31,3417984624,6,3,6,1000005816.310277,500005816.310277,500000000,0,2,0
2024-11-01,3417984624,2,2,2,100000,100000,0,0,0,0
2024-11-02,3417984624,1,1,2,50000,50000,0,0,0,0
2024-11-03,3417984624,2,1,2,38422.972728,38422.972728,0,0,0,0
2024-11-04,3417984624,2,1,2,173397.712392,173397.712392,0,0,0,0
2024-11-05,3437268733,7,3,7,38585969.174597,19301860.174597,19284109,0,1,0
2024-11-06,3437268733,11,6,5,6418183.779665,6418183.779665,0,0,0,0
2024-11-07,3437268733,11,6,8,861208.749659,861208.749659,0,0,0,0
2024-11-08,3726870733,26,17,12,745504960.045329,455902960.045329,289602000,0,1,0
2024-11-09,3726870733,20,11,11,1054120.395232,1054120.395232,0,0,0,0
2024-11-10,3726870733,7,4,7,603866.488206,603866.488206,0,0,0,0
2024-11-11,3726870733,17,10,6,1181508.461962,1181508.461962,0,0,0,0
2024-11-12,3726870733,26,14,8,820990.644728,820990.644728,0,0,0,0
2024-11-13,3726870733,24,13,9,440601.963503,440601.963503,0,0,0,0
2024-11-14,3744613565,20,12,13,35978694.718064,18235862.718064,17742832,0,1,0
2024-11-15,3744613565,13,8,9,411944.637417,411944.637417,0,0,0,0
2024-11-16,3744613565,9,5,8,964071.250282,964071.250282,0,0,0,0
2024-11-17,3744613565,2,2,3,2000,2000,0,0,0,0
2024-11-18,3744613565,4,3,6,16306059.843598,16306059.843598,0,0,0,0
2024-11-19,3744613565,2,1,3,664.082414,664.082414,0,0,0,0
2024-11-20,3744613565,3,2,4,663878.119443,663878.119443,0,0,0,0
2024-11-21,3744613565,10,6,8,1545928.04342,1545928.04342,0,0,0,0
2024-11-22,3744613565,2,1,2,434766.735505,434766.735505,0,0,0,0
2024-11-23,3744613565,4,2,3,783501.309503,783501.309503,0,0,0,0
2024-11-24,3744613565,0,0,0,0,0,0,0,0,0
2024-11-25,3744613565,4,3,3,15399658.170091,15399658.170091,0,0,0,0
2024-11-26,3744613565,0,0,0,0,0,0,0,0,0
2024-11-27,3744613565,10,6,8,31403682.313601,31403682.313601,0,0,0,0
2024-11-28,3729607565.521176,1,1,2,15005999.478823,0,0,15005999.478823,0,1
2024-11-29,3714597118.249398,6,5,5,45384537.869507,30374090.597728,0,15010447.271778,0,1
2024-11-30,3714597118.249398,15,8,7,403392.052716,403392.052716,0,0,0,0
2024-12-01,3714597118.249398,2,1,3,109251.706194,109251.706194,0,0,0,0
2024-12-02,3714597118.249398,7,4,3,272509.408906,272509.408906,0,0,0,0
2024-12-03,3714597118.249398,5,4,5,120386.740562,120386.740562,0,0,0,0
2024-12-04,3714597118.249398,35,18,10,2776447.93939,2776447.93939,0,0,0,0
2024-12-05,3746555408.249398,28,14,11,96207003.00329,64248713.00329,31958290,0,1,0
2024-12-06,3746555408.249398,20,12,7,33292741.559917,33292741.559917,0,0,0,0
2024-12-07,3732337260.158898,3,2,5,14218221.186648,73.096148,0,14218148.090499,0,1
2024-12-08,3732337260.158898,0,0,0,0,0,0,0,0,0
2024-12-09,3737694346.657855,19,12,13,93371165.506503,55104726.00546,21811763,16454676.501043,1,1
2024-12-10,3737694346.657855,28,14,11,16956404.824474,16956404.824474,0,0,0,0
2024-12-11,3737341347.010536,10,6,7,1228697.59516,875697.947842,0,352999.647318,0,1
2024-12-12,3937341347.010536,50,27,17,422244191.934473,222244191.934473,200000000,0,1,0
2024-12-13,3937341347.010536,22,12,15,8483558.131661,8483558.131661,0,0,0,0
2024-12-14,3937341347.010536,29,12,12,1354676.421242,1354676.421242,0,0,0,0
2024-12-15,3937341347.010536,24,10,11,1067844.555218,1067844.555218,0,0,0,0
2024-12-16,3937341347.010536,28,14,10,1252099.449936,1252099.449936,0,0,0,0
2024-12-17,3937341347.010536,13,6,8,1958600.533639,1958600.533639,0,0,0,0
2024-12-18,3937341347.010536,33,16,8,1300424.212608,1300424.212608,0,0,0,0
2024-12-19,3937341347.010536,25,10,7,1812109.996884,1812109.996884,0,0,0,0
2024-12-20,3975183581.010536,30,12,15,77831848.733093,39989614.733093,37842234,0,1,0
2024-12-21,3975183581.010536,27,12,13,842998.514068,842998.514068,0,0,0,0
2024-12-22,3975183581.010536,27,11,10,716091.854052,716091.854052,0,0,0,0
2024-12-23,3975183581.010536,23,8,6,983560.046138,983560.046138,0,0,0,0
2024-12-24,3975183581.010536,8,3,8,41957.621511,41957.621511,0,0,0,0
2024-12-25,3975183581.010536,0,0,0,0,0,0,0,0,0
2024-12-26,3975183581.010536,23,11,12,1789617.437719,1789617.437719,0,0,0,0
2024-12-27,3975183581.010536,8,4,9,25581.521639,25581.521639,0,0,0,0
2024-12-28,3975183581.010536,10,5,11,785635.345431,785635.345431,0,0,0,0
2024-12-29,3975183581.010536,2,1,3,9354.999587,9354.999587,0,0,0,0
2024-12-30,3974844067.119197,4,3,6,688780.928378,349267.03704,0,339513.891338,0,1
2024-12-31,3974844067.119197,4,4,4,13810731.107865,13810731.107865,0,0,0,0
2025-01-01,3974844067.119197,9,4,5,1213196.490293,1213196.490293,0,0,0,0
2025-01-02,3974844067.119197,9,4,7,1529012.714876,1529012.714876,0,0,0,0
2025-01-03,3988134737.119197,4,2,5,26986077.145471,13695407.145471,13290670,0,1,0
2025-01-04,3988134737.119197,5,2,5,779580.25928,779580.25928,0,0,0,0
2025-01-05,3988134737.119197,6,3,4,453643.36411,453643.36411,0,0,0,0
2025-01-06,3988134737.119197,2,1,2,143102.744711,143102.744711,0,0,0,0
2025-01-07,4012528568.119197,16,9,8,49799833.122507,25390402.122507,24401631,7800,1,1
2025-01-08,4012528568.119197,1,1,2,22813647.26159,22813647.26159,0,0,0,0
2025-01-09,4012528568.119197,4,2,5,243646.27296,243646.27296,0,0,0,0
2025-01-10,4008034281.119197,33,14,16,9723088.155013,5228801.155013,0,4494287,0,2
2025-01-11,4008034281.119197,5,2,4,112352.608973,112352.608973,0,0,0,0
2025-01-12,4008034281.119197,2,1,3,63988.449563,63988.449563,0,0,0,0
2025-01-13,3999147898.119197,43,20,9,18729676.641824,9843293.641824,0,8886383,0,2
2025-01-14,3999147898.119197,32,11,6,1361012.036584,1361012.036584,0,0,0,0
2025-01-15,3998769157.550088,17,10,10,2023589.700863,1644849.131754,0,378740.569109,0,1
2025-01-16,3998769157.550088,9,5,4,396587.35897,396587.35897,0,0,0,0
2025-01-17,3998769157.550088,0,0,0,0,0,0,0,0,0
2025-01-18,3998769157.550088,28,13,6,1202643.289429,1202643.289429,0,0,0,0
2025-01-19,3998769157.550088,46,19,7,3505225.408028,3505225.408028,0,0,0,0
2025-01-20,3998769157.550088,27,12,12,4714629.679956,4714629.679956,0,0,0,0
2025-01-21,3998769157.550088,10,4,4,303272.47752,303272.47752,0,0,0,0
2025-01-22,3998769157.550088,19,11,9,3838636403.114407,3838636403.114407,0,0,0,0
2025-01-23,3998769157.550088,22,11,4,1618635.033923,1618635.033923,0,0,0,0
2025-01-24,3998769157.550088,50,20,13,2898422.980552,2898422.980552,0,0,0,0
2025-01-25,3998769157.550088,0,0,0,0,0,0,0,0,0
2025-01-26,3998769157.550088,6,3,4,242252.91177,242252.91177,0,0,0,0
2025-01-27,3998769157.550088,75,34,5,3785305.275993,3785305.275993,0,0,0,0
2025-01-28,3998769157.550088,32,14,5,1166545.010265,1166545.010265,0,0,0,0
2025-01-29,4023769157.550088,32,14,8,51594681.740928,26594681.740928,25000000,0,1,0
2025-01-30,4023734238.550088,40,19,13,854364.083039,819445.083039,0,34919,0,1
2025-01-31,4023734238.550088,44,21,14,13826956.362426,13826956.362426,0,0,0,0
2025-02-01,4023734238.550088,37,22,13,788831.806726,788831.806726,0,0,0,0
2025-02-02,4023734238.550088,49,26,18,23550292.57032,23550292.57032,0,0,0,0
2025-02-03,4022782363.86379,127,67,28,27893107.264922,26941232.578624,0,951874.686298,0,1
2025-02-04,4020979252.617617,135,71,28,23967950.890228,22164839.644055,0,1803111.246173,0,2
2025-02-05,3805054525.188593,122,67,26,489328859.936248,273396412.507225,3860,215928587.429023,1,5
2025-02-06,3802782056.281051,119,63,32,15337224.33469,12964755.427148,50000,2322468.907542,1,2
2025-02-07,3814976112.360589,88,50,24,82666441.533719,69002647.613257,12928925,734868.920462,1,2
2025-02-08,3814976112.360589,47,25,21,7067266.643717,7067266.643717,0,0,0,0
2025-02-09,3814976112.360589,43,22,15,2597239.434276,2597239.434276,0,0,0,0
2025-02-10,3323481066.092198,151,84,41,1083997633.9498,543843023.681409,24329782,515824828.26839,1,6
2025-02-11,3344633548.508984,127,69,33,52474989.293375,30564671.710161,21531400,378917.583213,1,3
2025-02-12,3344098953.595727,88,43,23,28640242.016623,19915647.103366,4095000,4629594.913257,1,2
2025-02-13,3344060778.795727,84,43,27,6821608.372955,6783433.572955,0,38174.8,0,1
2025-02-14,3344022197.807134,118,60,35,38637401.376339,38598820.387746,0,38580.988592,0,1
2025-02-15,3344022197.807134,61,31,24,11450608.822808,11450608.822808,0,0,0,0
2025-02-16,3344022197.807134,55,27,19,5217819.508341,5217819.508341,0,0,0,0
2025-02-17,3338713275.11021,159,78,32,24624437.593126,19315514.896202,0,5308922.696923,0,4
2025-02-18,3335581500.410604,167,96,38,32633569.709951,29501795.010344,0,3131774.699606,0,4
2025-02-19,3333752422.516489,117,65,28,14877296.181593,13048218.287478,0,1829077.894114,0,4
2025-02-20,3333507902.516489,67,34,21,28334107.801986,28089587.801986,0,244520,0,1
2025-02-21,3333507902.516489,47,25,13,7525408.673997,7525408.673997,0,0,0,0
2025-02-22,3333507902.516489,66,30,20,1833769.18642,1833769.18642,0,0,0,0
2025-02-23,3333507902.516489,27,12,11,1264645.798285,1264645.798285,0,0,0,0
2025-02-24,3333507902.516489,76,39,19,10863859.608965,10863859.608965,0,0,0,0
2025-02-25,3332587634.516489,131,66,30,28420571.140372,27500303.140372,0,920268,0,1
2025-02-26,3331700453.516489,63,36,15,17124092.116453,16236911.116453,0,887181,0,3
2025-02-27,3331128006.516489,94,50,24,47175726.888792,46603279.888792,0,572447,0,1
2025-02-28,3342684504.516489,116,60,32,141879476.275718,103415974.275718,25010000,13453502,2,2
2025-03-01,3342684504.516489,116,59,29,52113440.33826,52113440.33826,0,0,0,0
2025-03-02,3342684504.516489,53,29,12,6349937.077131,6349937.077131,0,0,0,0
2025-03-03,3350547583.516489,173,97,39,131518979.299268,79382058.299268,30000000,22136921,1,2
2025-03-04,3350231379.516489,107,60,23,23259887.970808,22943683.970808,0,316204,0,2
2025-03-05,3349447799.516489,136,78,31,32209050.554092,31425470.554092,0,783580,0,4
2025-03-06,3349238377.516489,127,68,31,7064079.569223,6854657.569223,0,209422,0,3
2025-03-07,3350193532.516489,99,52,30,13020766.86049,11975921.86049,1000000,44845,1,1
2025-03-08,3350193532.516489,66,35,17,5910245.371589,5910245.371589,0,0,0,0
2025-03-09,3350193532.516489,47,26,12,1590978.156335,1590978.156335,0,0,0,0
2025-03-10,3380851592.516489,126,68,31,73448273.113907,40289447.113907,31908443,1250383,1,2
2025-03-11,3380758291.516489,159,81,32,45548915.728691,45455614.728691,0,93301,0,2
2025-03-12,3385384216.516489,129,73,35,46895458.255068,41521383.255068,5000000,374075,1,2
2025-03-13,3381028544.516489,77,42,25,18322584.401947,13966912.401947,0,4355672,0,1
2025-03-14,3399700418.516489,97,50,35,60903467.668501,42048475.668501,18763433,91559,1,1
2025-03-15,3399700418.516489,70,36,22,27375869.828072,27375869.828072,0,0,0,0
2025-03-16,3391323762.516489,33,19,15,17879905.731056,9503249.731056,0,8376656,0,2
2025-03-17,3350849049.516489,63,36,21,211078417.981988,170603704.981988,0,40474713,0,2
2025-03-18,3450288175.516489,99,54,30,211517830.521531,110924956.521531,100016000,576874,2,2
2025-03-19,3386983785.516489,412,207,88,325477559.772234,220911085.772234,20631042,83935432,1,5
2025-03-20,3386550154.516489,193,103,50,11233522.117051,10799891.117051,0,433631,0,2
2025-03-21,3386228406.516489,103,55,32,5469909.796965,5148161.796965,0,321748,0,2
2025-03-22,3386228406.516489,69,36,20,17094316.391086,17094316.391086,0,0,0,0
2025-03-23,3386228406.516489,55,29,19,2373884.03032,2373884.03032,0,0,0,0
2025-03-24,3386228406.516489,64,33,15,1294634.722329,1294634.722329,0,0,0,0
2025-03-25,3185227041.516489,66,41,22,405845572.992194,204764207.992194,40000,201041365,2,2
2025-03-26,3183766847.516489,65,37,28,6065576.015323,4565382.015323,20000,1480194,1,3
2025-03-27,3192423012.516489,83,49,27,58190092.541799,46846257.541799,10000000,1343835,1,3
2025-03-28,3183296159.516489,86,45,25,26937202.138216,17810349.138216,0,9126853,0,1
2025-03-29,3183296159.516489,62,32,18,3846478.598978,3846478.598978,0,0,0,0
2025-03-30,3183296159.516489,27,14,12,1003717.242981,1003717.242981,0,0,0,0
2025-03-31,3182787544.516489,50,29,18,4751009.207261,4242394.207261,0,508615,0,1
2025-04-01,3181704706.516489,72,41,18,8490448.363157,7407610.363157,0,1082838,0,2
2025-04-02,3179875289.516489,104,54,24,13211659.843838,11382242.843838,0,1829417,0,2
2025-04-03,3180683138.516489,111,53,30,6414322.813402,5222171.813402,1000000,192151,1,1
2025-04-04,3200044495.516489,76,38,31,66178910.757873,46478325.757873,19530971,169614,1,1
2025-04-05,3200044495.516489,104,54,30,8928054.339773,8928054.339773,0,0,0,0
2025-04-06,3198166744.516489,89,49,22,14755367.167853,12877616.167853,0,1877751,0,1
2025-04-07,3220275054.516489,94,45,23,58888166.888841,34411844.888841,23292316,1184006,1,1
2025-04-08,3220235314.516489,74,39,18,2059616.476241,2019876.476241,0,39740,0,1
2025-04-09,3330009577.516489,133,59,25,245587985.632341,135362248.632341,110000000,225737,1,1
2025-04-10,3198968746.516489,142,73,31,286113191.572254,155072360.572254,0,131040831,0,3
2025-04-11,3197342373.516489,139,76,23,15842907.937854,14216534.937854,0,1626373,0,7
2025-04-12,3197342373.516489,89,47,23,41074951.416709,41074951.416709,0,0,0,0
2025-04-13,3183666115.516489,72,38,20,29149707.434,15473449.434,0,13676258,0,1
2025-04-14,3187864716.516489,100,50,25,22024873.397009,15402652.397009,5410411,1211810,2,1
2025-04-15,3161776319.516489,81,50,26,584059265.875511,357970868.875511,100000000,126088397,1,5
2025-04-16,3161776319.516489,135,67,39,1503156185.367103,903156185.367103,300000000,300000000,1,1
2025-04-17,3161776319.516489,86,41,23,18448141.690329,18448141.690329,0,0,0,0
2025-04-18,3161776319.516489,43,22,15,3136299.679767,3136299.679767,0,0,0,0
2025-04-19,3161776319.516489,49,24,19,4282860.859597,4282860.859597,0,0,0,0
2025-04-20,3160263739.516489,46,25,18,5192810.485232,3680230.485232,0,1512580,0,1
2025-04-21,3179207079.516489,141,82,33,2694841664.529931,1617006578.529931,548389213,529445873,4,4
2025-04-22,3780858704.516489,222,112,36,2735901541.443843,1533238364.443843,902157401,300505776,3,3
2025-04-23,3780423729.516489,201,104,54,14917800.026011,14452825.026011,15000,449975,1,2
2025-04-24,3190826470.516489,122,68,36,2277398597.998377,1486801340.998377,100499999,690097258,2,3
2025-04-25,3190115842.516489,165,91,45,3025942713.70768,1824368675.70768,600431705,601142333,3,5
2025-04-26,3190115842.516489,48,25,17,5154703.104424,5154703.104424,0,0,0,0
2025-04-27,3190115842.516489,44,22,16,2355233.553202,2355233.553202,0,0,0,0
2025-04-28,3187014297.516489,73,41,21,21546328.360476,18444783.360476,0,3101545,0,2
2025-04-29,3186855793.516489,99,50,30,6942801.217598,6784297.217598,0,158504,0,1
2025-04-30,3775268853.516489,103,54,28,3096224085.194119,1744556533.194119,970040306,381627246,3,2
2025-05-01,3775268853.516489,91,42,24,4586251.863965,4586251.863965,0,0,0,0
2025-05-02,3794017947.516489,99,57,26,53178214.553637,31927308.553637,20000000,1250906,1,4
2025-05-03,3794017947.516489,23,12,9,4048661.050332,4048661.050332,0,0,0,0
2025-05-04,3794017947.516489,23,12,10,1461862.600356,1461862.600356,0,0,0,0
2025-05-05,3792305111.516489,123,69,36,2518062337.85539,1516349501.85539,500000000,501712836,2,5
2025-05-06,3809924569.516489,123,72,35,6912000513.075439,4148280523.075439,1390669724,1373050266,4,6
2025-05-07,5308724971.516489,136,77,41,5527918019.862119,3026633059.862119,2000042681,501242279,3,6
2025-05-08,3818605441.516489,221,119,45,4625555958.546327,3114307170.546327,10564629,1500684159,1,2
2025-05-09,3812964349.516489,143,82,31,78616975.073163,72975883.073163,0,5641092,0,4
2025-05-10,3812964349.516489,107,53,25,9671024.787486,9671024.787486,0,0,0,0
2025-05-11,3812964349.516489,61,31,19,4921750.967445,4921750.967445,0,0,0,0
2025-05-12,3812964349.516489,92,52,19,23042096.739957,22956734.739957,42681,42681,1,1
2025-05-13,3805408819.516489,144,90,34,47861964.353728,40021072.353728,142681,7698211,2,8
2025-05-14,3802435050.516489,78,43,24,5862198.56874,2888429.56874,0,2973769,0,4
2025-05-15,3802201530.516489,94,52,20,9634233.966291,9400713.966291,0,233520,0,3
2025-05-16,3802201530.516489,186,94,47,14416575.024874,14416575.024874,0,0,0,0
2025-05-17,3802201530.516489,101,50,28,11932543.537777,11932543.537777,0,0,0,0
2025-05-18,3802201530.516489,62,30,13,2918222.797547,2918222.797547,0,0,0,0
2025-05-19,3799295256.516489,200,109,48,26540319.213267,23634045.213267,0,2906274,0,4
2025-05-20,3825345480.516489,218,110,60,76012735.107523,47558307.107523,27252326,1202102,2,2
2025-05-21,3823662241.516489,211,108,47,27081091.57791,25397852.57791,0,1683239,0,3
2025-05-22,3853198300.516489,62,32,22,62947398.829123,32483457.829123,30000000,463941,1,1
2025-05-23,3852776779.516489,73,42,22,8287402.803231,6937999.803231,463941,885462,1,3
2025-05-24,3852776779.516489,21,11,13,25636346.084299,25636346.084299,0,0,0,0
2025-05-25,3852776779.516489,14,8,9,260748.870696,260748.870696,0,0,0,0
2025-05-26,3954023083.516489,64,42,21,219658992.790033,116055296.790033,102425000,1178696,1,6
2025-05-27,3882478910.516489,153,100,38,1828090288.216014,1287046115.216014,234750000,306294173,5,12
2025-05-28,3932118914.516489,151,95,35,2034101172.364607,1550813294.364607,266463941,216823937,2,14
2025-05-29,4084924325.516489,316,174,66,2687871755.431174,1991995152.431174,424341007,271535596,4,13
2025-05-30,4055895899.516489,367,226,77,2077180774.514885,1522900898.514885,262625725,291654151,4,26
2025-05-31,4055895899.516489,99,52,31,13883828.370315,13883828.370315,0,0,0,0
2025-06-01,4055895899.516489,88,48,30,11088127.987623,11088127.987623,0,0,0,0
2025-06-02,4055895899.516489,71,36,20,3432402.509788,3432402.509788,0,0,0,0
2025-06-03,3897366684.516489,277,168,58,1613486441.562796,1247711686.562796,103622770,262151985,3,25
2025-06-04,4459875451.516489,169,108,38,2972143736.28032,2003061749.28032,765795377,203286610,4,13
2025-06-05,4276629996.516489,390,220,88,6541795323.577653,5213472068.577653,572538900,755784355,3,12
2025-06-06,4010956554.516489,312,200,65,5230304758.346189,4095650554.346189,434490381,700163823,5,27
2025-06-07,4010956554.516489,56,30,23,3930715.865364,3930715.865364,0,0,0,0
2025-06-08,4010956554.516489,27,15,14,1516115.747626,1516115.747626,0,0,0,0
2025-06-09,4258013109.516489,253,155,44,6850702586.703138,4935267555.703138,1081245793,834189238,7,23
2025-06-10,3635292084.516489,249,160,43,4189553126.248153,3445263101.248153,60784500,683505525,1,28
2025-06-11,3723383275.516489,184,110,53,1650301950.639345,1293458141.639345,222467500,134376309,2,12
2025-06-12,3128565846.516489,206,136,40,3754759456.215819,3159922017.215819,10005,594827434,1,22
2025-06-13,3242295831.516489,188,119,40,5815060104.560533,4428711051.560533,750039519,636309534,2,14
2025-06-14,3242295831.516489,54,28,20,12680823.187722,12680823.187722,0,0,0,0
2025-06-15,3242295831.516489,20,10,9,1486558.2,1486558.2,0,0,0,0
2025-06-16,3388255637.516489,269,184,38,6963239406.241738,5304339212.241738,902430000,756470194,3,42
2025-06-17,3704834451.516489,272,151,70,3511109022.519768,2707687836.519768,560000000,243421186,2,7
2025-06-18,3767663029.516489,213,131,49,4220950378.619656,3043366080.619656,620206438,557377860,3,17
2025-06-19,4478824653.516489,149,86,51,2803643066.02478,1734804690.02478,890000000,178838376,2,6
2025-06-20,4233388221.516489,165,107,41,6275929903.231504,4980835537.231504,524828967,770265399,2,12
2025-06-21,4233388221.516489,55,28,18,16756859.167378,16756859.167378,0,0,0,0
2025-06-22,4233388221.516489,132,65,27,16239499.355746,16239499.355746,0,0,0,0
2025-06-23,4233388221.516489,147,67,21,21770987.464229,21770987.464229,0,0,0,0
2025-06-24,3525394371.516489,273,186,52,34860936351.65034,24845215015.65034,4653863743,5361857593,6,31
2025-06-25,4016387744.516489,170,109,48,22150890915.29832,15557638148.29832,3542123070,3051129697,5,14
2025-06-26,3896775923.516489,179,112,44,10712953475.305763,7639189510.305764,1477076072,1596687893,3,12
2025-06-27,3219110254.516489,232,160,47,18050756345.34853,13070858966.348528,2151115855,2828781524,4,29
2025-06-28,4043028454.516489,75,39,27,1828023615.04,1004105415.04,823918200,0,2,0
2025-06-29,4043028454.516489,74,35,23,17704306.23011,17704306.23011,0,0,0,0
2025-06-30,4043028454.516489,47,24,16,11594859.580284,11594859.580284,0,0,0,0
2025-07-01,3998681915.516489,343,200,74,19089796577.49798,12635748258.49798,3204850890,3249197429,3,16
2025-07-02,4633529726.516489,304,176,67,22275921179.78122,14012595500.78122,4449086745,3814238934,3,18
2025-07-03,4913645172.516489,195,132,43,20315703067.73996,13730408375.739958,3432705069,3152589623,4,20
2025-07-04,5615755149.516489,417,270,77,34110152247.75786,24032183954.75786,5390039135,4687929158,6,36
2025-07-05,5643155001.516489,113,62,36,101452004.130024,73868958.130024,27491449,91597,1,2
2025-07-06,5643113287.516489,69,35,24,3066538.980184,3024824.980184,0,41714,0,1
2025-07-07,4662625030.516489,266,190,46,29728870602.800953,20417313669.800953,4165534338,5146022595,5,36
2025-07-08,5685544830.516489,333,227,51,23431517772.613174,16734564428.613174,3859936572,2837016772,9,42
2025-07-09,5067074352.516489,243,155,50,18639153731.68827,12619994941.688274,2700344156,3318814634,5,25
2025-07-10,5424272097.516489,138,75,32,7881231370.266541,4681754849.266541,1778337133,1421139388,4,6
2025-07-11,4336240198.516489,219,139,59,13651001038.691408,9416834343.691408,1573067398,2661099297,5,16
2025-07-12,4335700365.516489,68,36,23,8520385.271532,7980552.271532,0,539833,0,1
2025-07-13,4335700365.516489,71,34,23,9030127.968166,9030127.968166,0,0,0,0
2025-07-14,5913746680.516489,455,301,70,36232436813.04337,23763993982.043377,7023244573,5445198258,12,53
2025-07-15,5551088195.516489,401,248,69,20882299119.493572,14213471670.493572,3153084482,3515742967,9,33
2025-07-16,6218189947.516489,474,297,90,30269101217.14533,20535326237.14533,5200438366,4533336614,14,38
2025-07-17,5655688736.516489,369,239,78,27529087433.530018,18362756146.530018,4301915038,4864416249,10,35
2025-07-18,5453344788.516489,290,186,56,19728200501.80118,13284132949.80118,3120861802,3323205750,6,27
2025-07-19,5453306565.516489,67,36,26,25063677.121151,25025454.121151,0,38223,0,1
2025-07-20,5453306565.516489,105,51,30,8726514.179632,8726514.179632,0,0,0,0
2025-07-21,5324961319.516489,375,262,59,54452313997.96822,36238795347.96822,9042586702,9170931948,15,50
2025-07-22,5949259412.516489,449,323,52,57368984912.202515,38514196619.202515,9739543193,9115245100,16,67
2025-07-23,7121411449.516489,288,209,52,40189534351.99123,25741364826.991222,7810160781,6638008744,16,39
2025-07-24,8153121535.516489,392,263,53,42621484515.34059,28504865813.34059,7574164394,6542454308,14,48
2025-07-25,9672431140.516487,570,419,55,59682672981.695015,39200318112.695015,11000832237,9481522632,18,100
2025-07-26,9651880308.516487,92,54,29,3369560339.901545,3349009507.901545,0,20550832,0,2
2025-07-27,9651880308.516487,53,28,22,251015060.286341,251015060.286341,0,0,0,0
2025-07-28,9902643774.516487,660,500,52,67198165299.62035,44304970905.62035,11571978930,11321215464,17,132
2025-07-29,7763320489.516489,663,487,63,64084406651.54532,42581057588.54532,9682012889,11821336174,14,122
2025-07-30,9092929188.516487,211,161,44,45654880840.87547,29705512257.875477,8639488641,7309879942,11,34
2025-07-31,5039380811.516489,540,404,57,62217202001.0037,42307597910.0037,7928027857,11981576234,14,93
2025-08-01,5708509295.516489,544,375,66,48073347058.098206,32705808026.09821,8018333758,7349205274,11,70
2025-08-02,5708509295.516489,260,134,67,809592677.423657,809592677.423657,0,0,0,0
2025-08-03,5707009393.516489,86,46,26,10530430.578499,9030528.578499,0,1499902,0,2
2025-08-04,7743515587.516489,934,617,121,54012916770.74938,37012590522.74938,9518416221,7481910027,12,116
2025-08-05,4819002431.516489,933,657,98,47256378377.791885,33902110847.79189,5214877187,8139390343,4,153
2025-08-06,7114389828.516489,744,527,80,43637355186.420685,30485418593.420685,7723661995,5428274598,11,114
2025-08-07,7114389828.516489,133,61,29,25188100.189076,25188100.189076,0,0,0,0
2025-08-08,5826764196.516489,978,732,65,59702380883.60442,44452475519.60442,6981139866,8268765498,8,160
2025-08-09,5826272435.516489,191,106,40,1111042957.2233,1110551196.2233,0,491761,0,3
2025-08-10,5825067347.516489,103,63,31,344110828.425069,342905740.425069,0,1205088,0,6
2025-08-11,4562095299.516489,729,546,51,46876815348.23313,32314880346.233128,6649481477,7912453525,9,142
2025-08-12,8805978275.516489,702,513,52,89862960132.51689,58554900650.51689,17775971229,13532088253,13,116
2025-08-13,8206918203.516489,1016,740,58,49566465872.19984,35847917670.19984,6559744065,7158804137,11,184
2025-08-14,9416467960.516487,1004,753,54,82157752562.13358,56517837633.13357,13424732343,12215182586,12,199
2025-08-15,4267308181.516489,796,589,61,87658170996.2915,59262220811.291504,11623395203,16772554982,17,147
2025-08-16,4265181573.516489,78,48,29,271486490.98627,269359882.98627,0,2126608,0,4
2025-08-17,4265143251.516489,56,29,22,310788328.41869,310750006.41869,0,38322,0,1
2025-08-18,4263368886.516489,81,45,23,198950852.001734,197176487.001734,0,1774365,0,2
2025-08-19,8484045951.516489,1155,841,100,111228394207.84065,75717528318.84065,19865771477,15645094412,22,189
2025-08-20,9658486523.516487,1451,1037,108,77660506811.98018,52764947229.98018,13035000077,11860559505,16,244
2025-08-21,6806453026.516489,1165,891,69,71579721103.99377,50445189158.99377,9141249224,11993282721,17,242
2025-08-22,3778533269.516489,689,460,84,26547263705.368088,20400160220.368088,1559591864,4587511621,3,94
2025-08-23,3778533269.516489,116,59,34,277228087.915666,277228087.915666,0,0,0,0
2025-08-24,3778533269.516489,105,46,23,3623113.269557,3623113.269557,0,0,0,0
2025-08-25,4085622280.516489,1176,868,53,51010176979.8154,37208319556.8154,7054473217,6747384206,10,209
2025-08-26,4746910539.516489,1694,1199,125,61079421442.21483,46282968069.21483,7728870816,7067582557,9,282
2025-08-27,5460406345.516489,1629,1231,69,91820118745.94603,65860434825.94603,13336589863,12623094057,11,323
2025-08-28,5248825336.516489,83,54,20,1908115512.926656,1696534503.926656,0,211581009,0,10
2025-08-29,4743958495.516489,1501,1119,70,65177377007.22066,49821632700.22066,7425438733,7930305574,15,284
2025-08-30,4743516266.516489,74,41,30,200984360.578021,200542131.578021,0,442229,0,2
2025-08-31,4743377341.516489,63,35,21,6518127.007931,6379202.007931,0,138925,0,2
2025-09-01,4538949723.516489,429,289,56,10498366753.249704,7789939135.249703,1252000000,1456427618,12,61
2025-09-02,6214458890.516489,910,691,44,53122999535.85841,39618374698.85841,7590067002,5914557835,15,176
2025-09-03,6793731149.516489,994,750,59,63274040267.31094,48415082870.31094,7719114828,7139842569,17,177
2025-09-04,7051884848.516489,1028,714,113,35928557349.45481,25607739848.45481,5289485600,5031331901,10,151
2025-09-05,4864725818.516489,682,509,55,18324187894.354355,14979581380.354357,578723742,2765882772,7,126
2025-09-06,4863980717.516489,54,34,21,30238864.200859,29493763.200859,0,745101,0,4
2025-09-07,4862397970.516489,42,28,14,12812198.428203,11229451.428203,0,1582747,0,4
2025-09-08,6662122497.516489,714,534,58,28179263477.78926,20316957052.78926,4831015476,3031290949,15,125
2025-09-09,6678702284.516489,838,595,86,31604993510.284363,24123458039.284363,3749057629,3732477842,9,146
2025-09-10,6706697293.516489,553,410,68,27325079434.544914,20200047211.544914,3576513616,3548518607,9,97
2025-09-11,5871766421.516489,607,452,57,32179043873.77628,24746662013.77628,3298725494,4133656366,12,98
2025-09-12,7326495455.516489,848,627,66,49005012256.214966,34756105084.214966,7851818103,6397089069,11,160
2025-09-13,7326207051.516489,42,23,16,3693911.553308,3405507.553308,0,288404,0,1
2025-09-14,7326151286.516489,40,23,16,4026585.25634,3970820.25634,0,55765,0,1
2025-09-15,5503767335.516489,990,757,54,59095939565.5892,45371106702.5892,5951224456,7773608407,13,193
2025-09-16,8897963432.516489,779,569,73,35328910880.77962,23910303051.779617,7406401963,4012205866,12,127
2025-09-17,5033068649.516489,1294,942,95,54920808166.52793,44081473383.52793,3487220000,7352114783,11,216
2025-09-18,4848270675.516489,1422,1080,65,98917184731.47891,73224686931.47891,12753849913,12938647887,19,277
2025-09-19,6431553776.516489,1202,922,56,110840503641.477,80417715514.477,16003035614,14419752513,23,235
2025-09-20,6431393342.516489,90,48,29,54458305.341584,54297871.341584,0,160434,0,1
2025-09-21,6431393342.516489,52,28,19,188834190.356493,188834190.356493,0,0,0,0
2025-09-22,4333339174.516489,1176,882,63,68114425151.555756,51519240181.555756,7248565401,9346619569,18,228
2025-09-23,4358698061.516489,1446,1076,69,49091389932.64867,36670658145.64867,6223045337,6197686450,16,262
2025-09-24,3155846541.516489,1531,1126,78,58486047904.55852,44440171178.55852,6421512603,7624364123,17,295
2025-09-25,5237270907.516489,1589,1184,70,45242064150.07436,33018987096.07436,7152250710,5070826344,17,306
2025-09-26,4909818869.516489,1569,1148,83,42296361131.49237,31825777233.492367,5071565930,5399017968,16,286
2025-09-27,4909782312.516489,44,25,20,34569041.794434,34532484.794434,0,36557,0,1
2025-09-28,4909782312.516489,35,22,18,3601369978.295535,3601369978.295535,0,0,0,0
2025-09-29,6064738267.516489,1503,1141,53,77206735148.22847,56547078703.22846,10907306200,9752350245,21,317
2025-09-30,6565297447.516489,1205,917,63,53913575335.60257,38610476191.60257,7901829162,7401269982,19,236
2025-10-01,6859663781.516489,1384,1010,92,23724938551.572433,17069174815.57243,3475065035,3180698701,15,254
2025-10-02,7966435962.516489,1265,916,76,33063390497.412632,23806757574.412632,5181702552,4074930371,10,230
2025-10-03,8393073444.516489,1262,923,66,24961500250.32754,18485860536.32754,3451138598,3024501116,12,247
2025-10-04,8393073444.516489,234,121,73,2810740473.642617,2810740473.642617,0,0,0,0
2025-10-05,8393073444.516489,120,61,36,5635527.934596,5635527.934596,0,0,0,0
2025-10-06,5002119116.516489,1857,1400,69,51023856895.28496,38245847375.28496,4693527596,8084481924,15,404
2025-10-07,7136389166.516489,1253,937,64,63422671243.4896,47544995199.4896,9005973047,6871702997,14,229
2025-10-08,7194483280.516489,1972,1506,58,88508599104.01419,67653045370.0142,10456823924,10398729810,17,403
2025-10-09,8650974622.516489,931,717,60,64635644839.92759,47226054337.92759,9433040922,7976549580,18,187
2025-10-10,8799445408.516489,1697,1261,72,75185660630.82297,57455535632.82297,8939297892,8790827106,14,335
2025-10-11,8783381408.516489,102,56,33,1934911134.297222,1918847134.297222,0,16064000,0,1
2025-10-12,8783381408.516489,95,48,22,11327861.803739,11327861.803739,0,0,0,0
2025-10-13,8783073446.516489,115,62,41,6531652281.835865,6531344319.835865,0,307962,0,1
2025-10-14,6689820744.516489,1889,1427,59,69029291920.37659,52262427436.37659,7336805891,9430058593,12,391
2025-10-15,7599642115.516489,1281,973,59,44196032794.48653,32781318543.486526,6162267811,5252446440,12,254
2025-10-16,10673251954.516487,1232,897,76,36924456401.86488,25577538712.86488,7210263764,4136653925,12,235
2025-10-17,7104115788.516489,839,595,89,38180053687.15089,29228794573.150887,2691061474,6260197640,10,116
2025-10-18,7104115788.516489,98,50,26,13163688.540988,13163688.540988,0,0,0,0
2025-10-19,7100377796.516489,79,43,25,50515269.943735,46777277.943735,0,3737992,0,2
2025-10-20,8907695405.516489,471,311,66,31291256684.391743,21889614305.391743,5604479994,3797162385,13,50
2025-10-21,9601479027.516487,1329,1025,54,86258070705.73093,64436935525.73092,11257459401,10563675779,17,252
2025-10-22,9806049667.516487,1944,1476,60,51364723894.93054,36549510672.93054,7509891931,7305321291,18,424
2025-10-23,10252513810.516487,1206,864,95,33038218426.64619,22680404857.64619,5402138856,4955674713,11,217
2025-10-24,11353028506.516487,467,317,65,20597678523.688614,14395827341.688612,3651182939,2550668243,9,65
2025-10-25,11352845124.516487,35,21,17,4822632.501165,4639250.501165,0,183382,0,2
2025-10-26,11350695495.516487,80,43,23,38853442.362768,36703813.362768,0,2149629,0,2
2025-10-27,8917927364.754852,914,686,60,50480713709.76243,35451004473.00079,6298470553,8731238683.761637,10,180
2025-10-28,8034701966.754852,1471,1104,76,57660275330.80052,42304590266.80052,7236229833,8119455231,16,299
2025-10-29,12132375778.754852,1127,858,53,51390665600.11236,34515977806.11236,10486180803,6388506991,15,244
2025-10-30,7579613599.754852,1477,1112,58,45921342483.112686,34708241738.112686,3330169283,7882931462,13,311
2025-10-31,7102531128.754852,1579,1144,96,57687822676.039505,39692477387.039505,8759131409,9236213880,19,298
2025-11-01,7102115332.754852,159,86,49,1857046253.45862,1856630457.45862,0,415796,0,3
2025-11-02,7101569149.754852,108,58,38,407802570.581463,407256387.581463,0,546183,0,3
2025-11-03,7101569149.754852,131,72,40,1986549783.293024,1986549783.293024,0,0,0,0
2025-11-04,8188373870.754852,1274,977,57,66752359283.60717,44731169732.60717,11553997136,10467192415,21,263
2025-11-05,7517741366.754852,1653,1263,66,53132508647.033646,38342425023.033646,7059725560,7730358064,17,345
2025-11-06,10535423403.754852,1410,1071,72,59777777030.21613,42006896573.21613,10394281247,7376599210,20,281
2025-11-07,10525618847.754852,1280,984,76,64844593886.22281,45780397722.22281,9527195804,9537000360,18,261
2025-11-08,10525618847.754852,59,37,25,4736402597.655351,4736402597.655351,0,0,0,0
2025-11-09,10525618847.754852,65,35,28,1903539723.510343,1903539723.510343,0,0,0,0
2025-11-10,7603460501.754852,1531,1145,82,75534809325.4101,52917136625.410095,9847757177,12769915523,21,299
2025-11-11,6842804366.754852,1871,1419,89,85015894240.07196,61620310219.07196,11317463943,12078120078,21,359
2025-11-12,7504142503.754852,1367,1078,55,75177729926.69313,52110922105.69314,11864072979,11202734842,23,290
2025-11-13,9891248575.754852,1293,1031,71,81541701795.69379,55858172757.69379,14035317555,11648211483,19,275
2025-11-14,8563254138.754852,1835,1434,70,64594065662.80993,45009575313.80993,9128247956,10456242393,23,396
2025-11-15,8562497244.754852,114,72,45,2717611272.783087,2716854378.783087,0,756894,0,3
2025-11-16,8561622789.754852,36,21,25,264519828.398416,263645373.398416,0,874455,0,1
2025-11-17,8561622789.754852,21,12,16,125310595,125310595,0,0,0,0
2025-11-18,7908165257.754852,1885,1452,86,58429954237.08731,41634091271.08731,8071202717,8724660249,18,384
2025-11-19,9917926104.754852,1823,1433,39,55727573696.84514,39229392763.84514,9253970890,7244210043,22,398
2025-11-20,6814494168.754852,2323,1819,62,86002842592.2637,62122787624.2637,10388311516,13491743452,23,514
2025-11-21,5800151389.754852,1959,1515,69,101979245190.64125,72356189251.64125,14304356580,15318699359,30,397
2025-11-22,5799315611.754852,135,72,37,31951996.653877,31116218.653877,0,835778,0,3
2025-11-23,5742502183.754852,58,35,24,621750954.659747,564937526.659747,0,56813428,0,4
2025-11-24,8291221948.754852,2597,1956,81,154473254726.26196,109683228493.26195,23669372999,21120653234,34,524
2025-11-25,9060090012.754852,2404,1830,78,87172519356.27386,62841829204.27387,12549779108,11780911044,25,483
2025-11-26,9650572024.754852,1099,834,67,34035924715.978447,23439464141.978447,5593471293,5002989281,13,223
2025-11-27,10947804313.754852,855,674,51,21919564309.57488,14961265950.57488,4127765324,2830533035,9,179
2025-11-28,9227303947.754852,1460,1143,55,32625760327.398727,23586021941.398727,3659619010,5380119376,12,315
2025-11-29,9217589246.754852,90,52,32,76249792.943903,66535091.943903,0,9714701,0,3
2025-11-30,9217248889.754852,88,47,30,13871298.778457,13530941.778457,0,340357,0,1
2025-12-01,6817948681.754852,1423,1067,65,50071008506.39052,39086001700.39052,4292853299,6692153507,16,270
2025-12-02,7492620212.754852,1246,923,74,38103512226.414764,25418879399.41477,6679652179,6004980648,15,240
2025-12-03,6534089258.754852,757,573,53,18604840388.016533,13831138778.016533,1907585328,2866116282,11,154
2025-12-04,7063136704.754852,769,559,58,9234424430.610332,6343669116.610333,1709901380,1180853934,12,123
2025-12-05,7880387037.754852,1168,911,49,16600856858.17836,12226516519.17836,2595795336,1778545003,14,192
2025-12-06,7880387037.754852,17,11,13,47365289.54,47365289.54,0,0,0,0
2025-12-07,7880387037.754852,19,10,13,9162323.233897,9162323.233897,0,0,0,0
2025-12-08,7880387037.754852,23,14,15,241108184.001075,241108184.001075,0,0,0,0
2025-12-09,7487585989.754852,1864,1398,85,44136402973.45089,33286946461.45089,5228327732,5621128780,18,329
2025-12-10,6726295904.754852,1325,987,86,32909136226.220287,24100667197.220287,4023589472,4784879557,16,253
2025-12-11,6388353470.754852,1165,869,91,13917004745.671036,10521158037.671036,1528952137,1866894571,10,184
2025-12-12,7392053586.754852,545,375,79,10065890666.515078,7373591006.515078,1847999888,844299772,6,64
2025-12-13,7392053586.754852,105,53,38,188501533.49442,188501533.49442,0,0,0,0
2025-12-14,7392019371.754852,43,23,16,15102508.015014,15068293.015014,0,34215,0,1
2025-12-15,5599709227.754852,661,501,66,21683561893.678158,16371850803.678156,1759700473,3552010617,6,111
2025-12-16,5931193745.754852,342,237,64,10134120676.53328,7930817024.53328,1267394085,935909567,6,38
2025-12-17,6005797861.754852,347,234,68,12941955921.916336,9528442911.916336,1744058563,1669454447,5,33
2025-12-18,6397747845.754852,428,315,49,23373748701.612095,17681108787.612095,3042294949,2650344965,11,64
2025-12-19,6305378777.754852,249,179,53,6014516330.121878,4210952226.121878,855597518,947966586,7,32
2025-12-20,6304754384.754852,92,52,27,71033323.428513,70408930.428513,0,624393,0,3
2025-12-21,6303773124.754852,52,32,15,5619620.650102,4638360.650102,0,981260,0,4
2025-12-22,5985518767.754852,385,260,83,7586968151.632001,5472095888.632001,898308953,1216563310,3,36
2025-12-23,5682621646.754852,377,224,94,7341793941.917701,5759164120.917701,639866350,942763471,4,19
2025-12-24,7207161086.754852,254,153,68,4686557053.671761,2621036493.671761,1795030000,270490560,4,15
2025-12-25,7207161086.754852,86,44,27,127143745.875422,127143745.875422,0,0,0,0
2025-12-26,6910399915.754852,215,138,73,6681072068.539635,4548924641.539635,917693128,1214454299,3,16
2025-12-27,6910399915.754852,40,24,25,30829448.300429,30829448.300429,0,0,0,0
2025-12-28,6910365966.754852,41,25,23,20812179.935498,20778230.935498,0,33949,0,1
2025-12-29,6642851633.754852,440,277,98,7006244599.937204,4697717368.937204,1020506449,1288020782,5,40
2025-12-30,7355865502.754852,525,314,101,10439154205.868076,7347789552.868076,1902189261,1189175392,9,32
2025-12-31,7083022084.754852,137,76,38,733267626.899248,460424208.899248,0,272843418,0,7
2026-01-01,7083022084.754852,78,39,21,18432261.100296,18432261.100296,0,0,0,0
2026-01-02,7320198787.754852,176,125,46,6830841877.543039,4467719774.543039,1300149403,1062972700,4,19
2026-01-03,7320049384.754852,54,30,23,5033921.983723,4884518.983723,0,149403,0,1
2026-01-04,7320049384.754852,54,27,17,4949436.722193,4949436.722193,0,0,0,0
2026-01-05,7206828849.754852,226,142,57,5080742406.380909,3509023065.380909,729249403,842469938,4,20
2026-01-06,7147570922.754852,196,139,47,11187414011.863304,7630436916.863305,1748859584,1808117511,7,25
2026-01-07,8354762605.754852,178,120,48,6456331889.089557,4778845144.089557,1442339214,235147531,6,13
2026-01-08,7638551306.754852,136,90,43,8496193009.037093,5929929978.037093,925025866,1641237165,5,11
2026-01-09,7959194634.754852,147,103,49,3205771729.046248,2265831561.046248,630291748,309648420,4,16
2026-01-10,7913095314.754852,37,20,16,93713665.309205,47614345.309205,0,46099320,0,1
2026-01-11,7913061519.754852,17,11,14,4062193.378556,4028398.378556,0,33795,0,1
2026-01-12,7911904516.754852,37,22,22,12260973.809924,11103970.809924,0,1157003,0,2
2026-01-13,6560930168.754852,233,158,50,12632543571.91198,8956870417.91198,1162349403,2513323751,5,28
2026-01-14,6585652298.754852,150,99,43,1137489255.668958,951804461.668958,105203462,80481332,8,12
2026-01-15,6752119351.754852,506,311,106,5513400881.207874,3935636712.207874,872115611,705648558,5,38
2026-01-16,6753822014.754852,397,272,71,6656202014.578642,4661746811.578642,998078933,996376270,9,40
2026-01-17,6752425109.754852,81,46,28,13323480.074414,11926575.074414,0,1396905,0,4
2026-01-18,6751426496.754852,98,53,26,18068242.032922,17069629.032922,0,998613,0,3
2026-01-19,6108752392.754852,201,146,44,3823632494.125631,2732582390.125631,224188000,866862104,3,29
2026-01-20,6079062597.754852,311,208,62,6932258381.697666,4906548586.697666,998010000,1027699795,5,34
2026-01-21,5419662674.754852,397,267,72,11558679121.352385,8235688078.352384,1331795560,1991195483,5,46
2026-01-22,6340198974.754852,342,249,56,10341613579.258715,7469839879.258714,1896155000,975618700,8,40
2026-01-23,5783128063.754852,450,322,75,12313382800.06375,9141601889.06375,1307355000,1864425911,6,59
2026-01-24,6146701125.754852,62,34,29,757900776.120337,394262038.120337,363605900,32838,1,1
2026-01-25,6146701125.754852,37,19,15,1860079.902471,1860079.902471,0,0,0,0
2026-01-26,4996938606.754852,616,485,64,54508846874.66742,37803944355.66742,7777570000,8927332519,10,112
2026-01-27,8199875780.754852,571,400,89,49723661045.436745,33965800117.436745,9480399051,6277461877,10,61
2026-01-28,6923151591.754852,411,305,63,40764642125.98167,28231192586.981663,5628362675,6905086864,10,62
2026-01-29,7359434179.754852,298,221,58,33603002720.469467,22632598978.469467,5703343165,5267060577,11,39
2026-01-30,7526370959.754852,351,263,60,36682173139.737625,25307405457.737625,5770852231,5603915451,16,50
2026-01-31,7526172111.754852,102,61,28,4389622.392333,4190774.392333,0,198848,0,6
2026-02-01,7526019679.754852,53,28,17,8343457.183557,8191025.183557,0,152432,0,1
2026-02-02,6554927878.754852,339,252,44,19439041561.05603,13535565760.056032,2466192000,3437283801,5,53
2026-02-03,7438715216.754852,238,168,53,24210589094.390594,16618711598.390596,4237832417,3354045079,10,29
2026-02-04,6779583294.754852,321,244,62,38649911194.57408,26428884802.57408,5780947235,6440079157,8,50
2026-02-05,7077354070.754852,284,209,54,39820850942.58572,27263644846.58572,6427488436,6129717660,12,41
2026-02-06,6937752818.754852,183,120,54,8351235173.237653,5528612599.237653,1341510661,1481111913,4,17
2026-02-07,6937719674.754852,49,26,21,55245538.094694,55212394.094694,0,33144,0,1
2026-02-08,6937719674.754852,44,22,14,13713195.24,13713195.24,0,0,0,0
2026-02-09,6830721879.754852,195,143,35,30994592623.423206,22315727686.423206,4285933571,4392931366,7,33
2026-02-10,6427600557.754852,260,191,49,9467779558.194647,6553700390.194646,1255478923,1658600245,5,40
2026-02-11,6293481158.754852,175,126,45,5166433631.027052,3724992232.027052,653661000,787780399,5,21
2026-02-12,6321730669.754852,135,77,44,421525922.964136,317775433.964136,66000000,37750489,3,2
2026-02-13,6341730669.754852,64,35,27,207249124.36,187249124.36,20000000,0,1,0
2026-02-14,6341730669.754852,62,31,21,8320748.611933,8320748.611933,0,0,0,0
2026-02-15,6341730669.754852,44,22,14,5376304.44,5376304.44,0,0,0,0
2026-02-16,6220137575.754852,191,140,38,2922425698.760666,2200832604.760666,300000000,421593094,1,28
2026-02-17,5741533371.754852,129,102,33,3495496953.203739,2695292749.203739,160800000,639404204,3,23
2026-02-18,5973639359.754852,129,93,34,6506457360.570752,4558563348.570752,1090000000,857894012,1,19
2026-02-19,7262893766.754852,264,152,64,4360249249.349787,2835847740.349787,1406827958,117573551,8,10
2026-02-20,7055666735.754852,255,156,68,6594850916.27323,4442548573.27323,972537656,1179764687,2,17
2026-02-21,7054748555.754852,84,49,28,155225039.008671,154306859.008671,0,918180,0,3
2026-02-22,7054748555.754852,33,17,14,1425331.36,1425331.36,0,0,0,0
2026-02-23,7000914610.754852,200,157,38,10440073969.991047,7167366932.991046,1609436546,1663270491,8,33
2026-02-24,6866568056.754852,215,168,44,10330720327.073689,6996075807.073689,1600148983,1734495537,2,36
2026-02-25,7042733327.754852,204,155,43,8516703762.068381,6189261275.068381,1251803879,1075638608,6,28
2026-02-26,6876821865.754852,335,255,48,28308678873.226448,21109268393.226448,3516749509,3682660971,7,42
2026-02-27,4816749658.754852,301,230,48,12150227662.008276,9309659831.008276,390247812,2450320019,4,52
2026-02-28,4815597271.754852,98,53,32,122501682.139871,121349295.139871,0,1152387,0,1
2026-03-01,4815597271.754852,61,32,23,19515103.54269,19515103.54269,0,0,0,0
2026-03-02,7470413559.754852,538,371,88,24152323198.59489,16511919096.594893,5147610195,2492793907,6,69
2026-03-03,7992223165.754852,514,370,73,26169554134.61876,18796675744.61876,3947343998,3425534392,5,77
2026-03-04,8236914786.754852,261,195,47,8932127188.900248,6312833117.900247,1431992846,1187301225,8,39
2026-03-05,7438610630.754852,279,217,40,15694740442.290888,11498918438.290888,1698758924,2497063080,8,53
2026-03-06,6680644156.754852,304,228,40,12843737584.892776,9912349666.892776,1086710722,1844677196,6,53
2026-03-07,6664410517.754852,49,30,20,103159246.837313,86925607.837313,0,16233639,0,4
2026-03-08,6664410517.754852,19,10,12,770917.023436,770917.023436,0,0,0,0
2026-03-09,7953323855.754852,169,120,38,9591117830.498852,6515537646.498853,2182246761,893333423,6,22
2026-03-10,7560502872.754852,164,118,47,3253863901.458779,2460768578.458779,200137170,592958153,1,22
2026-03-11,8605173117.754852,192,121,51,5245413949.332088,3556798992.332088,1366642601,321972356,3,17
2026-03-12,8297432929.754852,184,153,37,12327386150.60424,8555975282.604241,1731835340,2039575528,4,35
2026-03-13,8708959675.754852,231,159,53,11649423022.301966,7948172760.301966,2056388504,1644861758,5,26
2026-03-14,8708409647.754852,249,127,63,23906004.111571,23355976.111571,0,550028,0,2
2026-03-15,8707895198.754852,71,37,23,9451826.62316,8937377.62316,0,514449,0,1
2026-03-16,8280719986.754852,281,211,50,14216700473.275711,9852455235.275711,1968535013,2395710225,9,39
2026-03-17,8480359593.754852,247,191,45,16324945738.744432,11610865277.744432,2456860034,2257220427,6,40
2026-03-18,9063228675.754852,189,132,53,9262776939.320175,6426111987.320175,1709767017,1126897935,7,18
2026-03-19,8875825513.754852,344,223,77,7896025076.723225,5749473482.723225,979574216,1166977378,5,29
2026-03-20,8310987320.754852,279,193,61,10174206365.995312,7565914496.995312,1021726838,1586565031,4,33
2026-03-21,8310987320.754852,1,1,2,11076000,11076000,0,0,0,0
2026-03-22,8310967320.754852,5,4,7,62753.937014,42753.937014,0,20000,0,1
2026-03-23,8310866887.754852,23,12,16,3409286.827417,3308853.827417,0,100433,0,1
2026-03-24,8316152516.754852,176,134,37,8576813604.142561,5950409437.142561,1315844898,1310559269,1,29
2026-03-25,7862627968.754852,154,115,36,4766100027.75,3394402401.75,459086539,912611087,6,24
2026-03-26,7732097005.754852,146,108,34,9364843760.312746,6610101017.312746,1312105890,1442636853,7,17
2026-03-27,8003028115.754852,118,77,39,5773396480.387396,3975365590.387396,1034481000,763549890,3,14
2026-03-28,8003028115.754852,3,1,4,11006.803007,11006.803007,0,0,0,0
2026-03-29,8002551699.754852,17,13,8,2721819.139685,2245403.139685,0,476416,0,3
2026-03-30,8994208682.754852,180,154,28,17396503884.695396,12424143075.695398,2982008896,1990351913,6,38
2026-03-31,7773720810.754852,168,133,37,12867643756.39162,9911068084.39162,868043900,2088531772,3,30
2026-04-01,8369140532.754852,142,114,30,11179549806.083984,8357380602.083984,1708794463,1113374741,4,24
2026-04-02,8369140532.754852,5,3,6,4063592.560845,4063592.560845,0,0,0,0
2026-04-03,8369140532.754852,5,2,7,201002.758324,201002.758324,0,0,0,0
2026-04-04,8369140532.754852,0,0,0,0,0,0,0,0,0
2026-04-05,8369140532.754852,0,0,0,0,0,0,0,0,0
2026-04-06,8597820205.754852,222,173,41,19126392685.868347,13713737004.868347,2820667677,2591988004,8,33
2026-04-07,8030765187.754852,257,208,38,33022113510.529778,22911853952.529778,4771602270,5338657288,10,43
2026-04-08,8422086823.754852,260,181,56,10786795838.825096,7216177224.825097,1980970125,1589648489,3,34
2026-04-09,9060441362.754852,215,155,60,15515245220.908268,10916981273.908268,2618309243,1979954704,7,24
2026-04-10,8674771791.754852,196,158,39,12341736380.580566,8883786845.580566,1536139982,1921809553,7,30
2026-04-11,8637663198.754852,22,19,12,112555481.554987,75446888.554987,0,37108593,0,3
2026-04-12,8637630353.754852,6,5,7,165547.83077,132702.83077,0,32845,0,1
2026-04-13,7800524730.754852,167,127,43,5392381697.434183,3590816074.434183,482230000,1319335623,3,21
2026-04-14,8097541399.754852,192,140,40,7860485405.460505,5403045434.460505,1377228320,1080211651,4,27
2026-04-15,10790951157.754852,223,191,44,23277600293.490395,16763499585.490396,4603755233,1910345475,10,40
2026-04-16,9587815769.754852,210,167,44,8707225625.030954,6122519787.030955,690785225,1893920613,7,33
2026-04-17,8837654935.754852,128,111,31,7781498419.41184,5132430519.41184,949453533,1699614367,6,26
2026-04-18,8837141381.754852,10,8,6,2567773.420871,2054219.420871,0,513554,0,2
2026-04-19,8683284630.754852,25,18,13,1369399962.179342,1215543211.179342,0,153856751,0,4
2026-04-20,10286319800.754852,204,159,40,13008610778.471457,8667747594.471457,2971949177,1368914007,5,29
2026-04-21,10096210498.754852,293,261,42,13338948635.547773,9715353519.547773,1716742907,1906852209,6,55
2026-04-22,10038125535.754852,235,197,45,18550587734.645866,12420442585.645868,3036030093,3094115056,6,44
2026-04-23,8973960012.754852,196,169,31,9066098847.833195,6213795302.833194,894069011,1958234534,8,41
2026-04-24,8636518039.754852,323,241,50,17076697101.80334,12007532802.80334,2365861163,2703303136,6,52
2026-04-25,8555174492.754852,68,48,25,254151446.05372,172807899.05372,0,81343547,0,10
2026-04-26,8510189786.754852,65,47,18,157845976.62173,112861270.62173,0,44984706,0,9
2026-04-27,10585486998.754852,372,319,48,59988099110.11815,42103455512.11815,9979970405,7904673193,13,72
2026-04-28,11612029351.754852,430,359,56,36403676713.67903,25434837720.679035,5997690673,4971148320,8,85
2026-04-29,11449063758.754852,431,352,49,36148588154.63292,25023488503.632923,5481067029,5644032622,9,90
2026-04-30,11359884616.754852,407,357,42,27188454908.617455,19086584368.617455,4006345699,4095524841,12,91
2026-05-01,11117786319.754852,214,193,25,1170444819.385068,928346522.385068,0,242098297,0,55
2026-05-02,10293062432.754852,242,186,20,3372856198.076526,2548132311.076526,0,824723887,0,56
2026-05-03,10280885705.754852,29,24,10,96565862.164914,84389135.164914,0,12176727,0,5
2026-05-04,9902746009.754852,770,620,67,45894926610.84344,33710136162.84344,5903325376,6281465072,21,132
2026-05-05,11627525653.754852,1620,1330,68,126154551108.07272,88246652560.07272,19816339096,18091559452,16,338
2026-05-06,9624893932.754852,1347,1126,59,63379166528.86097,43232929561.86097,9071802623,11074434344,15,312
2026-05-07,12673117545.754852,1114,930,67,86386663578.43184,58466522225.43183,15484182483,12435958870,14,245
2026-05-08,9753370233.754852,1238,983,69,48853194588.09247,32679328188.09247,6627059544,9546806856,12,269
2026-05-09,9724199540.754852,83,50,30,139462531.126489,110291838.126489,0,29170693,0,6
2026-05-10,9722087973.754852,48,32,16,13610134.775778,11498567.775778,0,2111567,0,5
2026-05-11,10827191569.754852,1030,852,72,74357976419.33755,50020819711.337555,12721130152,11616026556,12,201
2026-05-12,10670505216.754852,1260,1046,75,46203326534.34301,32540136923.343006,6753251629,6909937982,15,283
2026-05-13,11608033887.754852,990,808,71,40918958470.80001,29007518483.800007,6424484329,5486955658,13,207
2026-05-14,10734179789.754852,982,869,65,23420647614.802486,17294959172.802486,2625917172,3499771270,5,248
2026-05-15,9199342287.754852,1014,884,67,40526637913.1704,27719454403.170395,5636173004,7171010506,12,230
2026-05-16,8951530780.754852,223,186,32,1247711773.32,976900266.32,11500000,259311507,1,48
2026-05-17,8892495596.754852,51,39,20,167660861.228164,108625677.228164,0,59035184,0,11
2026-05-18,8873777310.754852,64,49,15,90250929.343619,71532643.343619,0,18718286,0,10
2026-05-19,9562725748.754852,1015,891,67,39924257834.91967,28139234818.91967,6236985727,5548037289,11,236
2026-05-20,10077220230.754852,825,694,61,24564030133.76,16957575917.759998,4060474349,3545979867,7,193
2026-05-21,8992026095.754852,450,401,68,15567317572.011126,10513582709.011126,1984270364,3069464499,6,109
2026-05-22,9204030764.754852,621,556,54,12849662491.403353,8438580650.403353,2311543255,2099538586,6,153
2026-05-23,9060891199.754852,163,139,34,793289711.400066,650150146.400066,0,143139565,0,30
2026-05-24,9040666124.754852,109,83,30,72407100.795753,52182025.795753,0,20225075,0,17
2026-05-25,8188566534.754852,558,441,70,7293233215.004309,5574292855.004309,433420385,1285519975,6,99
2026-05-26,8297648773.754852,683,579,79,30593203980.034317,21278132659.034317,4712076780,4602994541,10,143
2026-05-27,8079682628.754852,550,492,53,5858295358.290486,3827367135.290486,906481039,1124447184,3,143
2026-05-28,7851548922.754852,435,395,44,7883652251.556263,5618391307.556263,1018563619,1246697325,6,104
2026-05-29,7909175521.754852,652,553,67,10732319855.441685,7630422876.441685,1579761789,1522135190,9,129
2026-05-30,7733538487.754852,272,237,39,803766404.533518,628129370.533518,0,175637034,0,58
2026-05-31,7670582656.754852,161,133,35,266584284.726304,203628453.726304,0,62955831,0,34
2026-06-01,7665622510.754852,480,354,80,14251302054.138412,9823631716.138412,2211355096,2216315242,5,73
2026-06-02,8014562039.754852,436,379,50,13924487632.00864,9706244411.00864,2283591375,1934651846,5,93
2026-06-03,8703498082.754852,465,412,51,7834024003.350083,5411682984.350083,1555638531,866702488,5,115
2026-06-04,7955269743.754852,260,244,35,5974122635.809721,4179393854.809721,523250221,1271478560,2,68
2026-06-05,8675337786.754852,461,376,74,8401721105.734472,6230451730.734472,1445668709,725600666,9,82
2026-06-06,8151423531.754852,369,307,35,2427949988.883593,1904035733.883593,0,523914255,0,85
2026-06-07,8080006551.754852,139,114,27,243346778.305755,171929798.305755,0,71416980,0,28
2026-06-08,8034428023.754852,204,185,27,169230985.276465,123652457.276465,0,45578528,0,49
2026-06-09,7927725227.754852,621,540,57,13054070122.061192,9298927210.061192,1824220058,1930922854,7,144
2026-06-10,7869002104.754852,604,522,51,8558228184.067242,6314049971.067242,1092727545,1151450668,6,135
2026-06-11,7635673312.754852,521,429,66,2122903766.311105,1675549320.311105,107012827,340341619,3,108
2026-06-12,7633653032.754852,7,7,5,6118733,4098453,0,2020280,0,2